Tamara,Shanahan,lynn@legros.name,(594) 629-9769,2016-09-27 16:50:53 -0500
Maude,Will,lulu@schowalter.co,739.451.8709,2016-09-27 16:50:53 -0500
Vergie,Roberts,elody.hoppe@gislasonoreilly.com,1-453-698-8002,2016-09-27 16:51:58 -0500
Bonnie,Pfeffer,brisa.rau@goodwinjacobi.net,(433) 298-8716,2016-09-27 16:51:58 -0500
Monte,Russel,ellie@hintz.io,798.829.9191,2016-09-27 16:51:58 -0500
Tremaine,Abernathy,louisa_leannon@schoenschamberger.biz,(202) 560-7412,2016-09-27 16:51:58 -0500
Teagan,Predovic,kyra.gottlieb@cruickshank.co,168.197.8877,2016-09-27 16:51:58 -0500
Santos,Aufderhar,jarrod_jones@corkeryhettinger.info,393.971.4447,2016-09-27 16:51:58 -0500
Caleigh,Hamill,tyrique@grahamohara.io,(609) 481-3961,2016-09-27 16:51:58 -0500
Abigail,Rohan,ethyl.johnston@swiftklein.co,(657) 056-0825,2016-09-27 16:51:58 -0500
Demarcus,Torp,kaylah.runolfon@herman.io,(179) 518-3704,2016-09-27 16:51:58 -0500
Presley,Simonis,richard@lind.info,(712) 025-4566,2016-09-27 16:51:58 -0500
